{
    "accuracy": 0.6859756097560976,
    "precision": 0.6397058823529411,
    "recall": 0.35655737704918034,
    "f1_score": 0.45789473684210524
}